Country,Position,Player,Club
Mexico,GK,Carlos Acevedo,Santos Laguna
Mexico,GK,Guillermo Ochoa,AEL Limassol
Mexico,GK,Raúl Rangel,Chivas
Mexico,DF,Jesús Gallardo,Toluca
Mexico,DF,Israel Reyes,América
Mexico,DF,César Montes,Lokomotiv Moscow
Mexico,DF,Jorge Sánchez,PAOK
Mexico,DF,Johan Vásquez,Genoa
Mexico,DF,Mateo Chávez,AZ Alkmaar
Mexico,MF,Gilberto Mora,Tijuana
Mexico,MF,Edson Álvarez,Fenerbahçe
Mexico,MF,Orbelín Pineda,AEK Athens
Mexico,MF,Luis Romo,Chivas
Mexico,MF,Brian Gutiérrez,Chivas
Mexico,MF,Obed Vargas,Atlético Madrid
Mexico,MF,César Huerta,Anderlecht
Mexico,MF,Luis Chávez,Dinamo Moscow
Mexico,MF,Erik Lira,Cruz Azul
Mexico,MF,Álvaro Fidalgo,Real Betis
Mexico,MF,Roberto Alvarado,Chivas
Mexico,FW,Armando González,Chivas
Mexico,FW,Raúl Jiménez,Fulham
Mexico,FW,Julián Quiñones,Al Qadsiah
Mexico,FW,Santiago Gimenez,AC Milan
Mexico,FW,Guillermo Martínez,Pumas
Mexico,FW,Alexis Vega,Toluca
South Africa,GK,Ronwen Williams,Mamelodi Sundowns
South Africa,GK,Ricardo Goss,Mamelodi Sundowns
South Africa,GK,Sipho Chaine,Orlando Pirates
South Africa,DF,Khuliso Mudau,Mamelodi Sundowns
South Africa,DF,Nkosinathi Sibisi,Orlando Pirates
South Africa,DF,Ime Okon,Hannover 96
South Africa,DF,Khulumani Ndamane,Mamelodi Sundowns
South Africa,DF,Aubrey Modiba,Mamelodi Sundowns
South Africa,DF,Samukelo Kabini,Molde
South Africa,DF,Thabang Matuludi,Polokwane City
South Africa,DF,Olwethu Makhanya,Philadelphia Union
South Africa,DF,Kamgogelo Sebelebele,Orlando Pirates
South Africa,DF,Bradley Cross,Kaizer Chiefs
South Africa,DF,Mbekezeli Mbokazi,Chicago Fire
South Africa,MF,Teboho Mokoena,Mamelodi Sundowns
South Africa,MF,Thalente Mbatha,Orlando Pirates
South Africa,MF,Yaya Sithole,Tondela
South Africa,MF,Jayden Adams,Mamelodi Sundowns
South Africa,FW,Oswin Appollis,Orlando Pirates
South Africa,FW,Iqraam Rayners,Mamelodi Sundowns
South Africa,FW,Tshepang Moremi,Orlando Pirates
South Africa,FW,Relebohile Mofokeng,Orlando Pirates
South Africa,FW,Evidence Makgopa,Orlando Pirates
South Africa,FW,Themba Zwane,Mamelodi Sundowns
South Africa,FW,Lyle Foster,Burnley
South Africa,FW,Thapelo Maseko,AEL Limassol
South Korea,GK,Jo Hyun-Woo,Ulsan HD
South Korea,GK,Kim Seung-Gyu,FC Tokyo
South Korea,GK,Song Bum-Keun,Jeonbuk Hyundai
South Korea,DF,Kim Min-Jae,Bayern Munich
South Korea,DF,Jo Yu-Min,Sharjah
South Korea,DF,Lee Han-Beom,Midtjylland
South Korea,DF,Kim Tae-Hyun,Kashima Antlers
South Korea,DF,Park Jin-Seop,Zhejiang FC
South Korea,DF,Lee Ki-Hyeok,Gangwon FC
South Korea,DF,Lee Tae-Seok,Austria Vienna
South Korea,DF,Seol Young-Woo,Red Star Belgrade
South Korea,DF,Jens Castrop,Borussia Mönchengladbach
South Korea,DF,Kim Moon-Hwan,Daejeon Hana
South Korea,MF,Yang Hyun-Jun,Celtic
South Korea,MF,Paik Seung-Ho,Birmingham City
South Korea,MF,Hwang In-Beom,Feyenoord
South Korea,MF,Kim Jin-Kyu,Jeonbuk Hyundai
South Korea,MF,Bae Jun-Ho,Stoke City
South Korea,MF,Um Ji-Sung,Swansea City
South Korea,MF,Hwang Hee-Chan,Wolverhampton
South Korea,MF,Lee Dong-Gyeong,Ulsan HD
South Korea,MF,Lee Jae-Sung,Mainz
South Korea,MF,Lee Kang-In,Paris Saint-Germain
South Korea,FW,Oh Hyun-Kyu,Besiktas
South Korea,FW,Son Heung-Min,LAFC
South Korea,FW,Cho Kyu-Sung,Midtjylland
Czechia,GK,Lukas Hornicek,Braga
Czechia,GK,Jan Koutny,Sigma Olomouc
Czechia,GK,Jindrich Stanek,Slavia Prague
Czechia,DF,Vladimír Coufal,TSG Hoffenheim
Czechia,DF,David Douděra,Slavia Prague
Czechia,DF,Tomáš Holeš,Slavia Prague
Czechia,DF,Robin Hranáč,TSG Hoffenheim
Czechia,DF,Štěpán Chaloupek,Slavia Prague
Czechia,DF,David Jurásek,Slavia Prague
Czechia,DF,Ladislav Krejčí,Wolverhampton Wanderers
Czechia,DF,Jaroslav Zelený,Sparta Prague
Czechia,DF,David Zima,Slavia Prague
Czechia,MF,Lukás Cerv,Viktoria Plzen
Czechia,MF,Vladimir Darida,Hradec Kralove
Czechia,MF,Lukás Provod,Slavia Prague
Czechia,MF,Michal Sadílek,Slavia Prague
Czechia,MF,Hugo Sochůrek,Sparta Prague
Czechia,MF,Alexandr Sojka,Viktoria Plzen
Czechia,MF,Tomáš Souček,West Ham
Czechia,FW,Adam Hložek,TSG Hoffenheim
Czechia,FW,Tomáš Chorý,Slavia Prague
Czechia,FW,Mojmír Chytil,Slavia Prague
Czechia,FW,Jan Kuchta,Sparta Prague
Czechia,FW,Patrik Schick,Bayer Leverkusen
Czechia,FW,Matej Vydra,Viktoria Plzen
Czechia,FW,Denis Višinský,Viktoria Plzen
Canada,GK,Dayne St. Clair,Inter Miami
Canada,GK,Maxime Crépeau,Orlando City
Canada,GK,Owen Goodman,Barnsley
Canada,DF,Moïse Bombito,Nice
Canada,DF,Derek Cornelius,Rangers
Canada,DF,Alphonso Davies,Bayern Munich
Canada,DF,Luc De Fougerolles,FCV Dender
Canada,DF,Alistair Johnston,Celtic
Canada,DF,Alfie Jones,Middlesbrough
Canada,DF,Richie Laryea,Toronto FC
Canada,DF,Niko Sigur,Hajduk Split
Canada,DF,Joel Waterman,Chicago Fire
Canada,MF,Ali Ahmed,Norwich City
Canada,MF,Tajon Buchanan,Villarreal
Canada,MF,Mathieu Choinière,LAFC
Canada,MF,Stephen Eustáquio,LAFC
Canada,MF,Marcelo Flores,Tigres UANL
Canada,MF,Ismaël Koné,Sassuolo
Canada,MF,Liam Millar,Hull City
Canada,MF,Jonathan Osorio,Toronto FC
Canada,MF,Nathan Saliba,Anderlecht
Canada,MF,Jacob Shaffelburg,LAFC
Canada,FW,Jonathan David,Juventus
Canada,FW,Promise David,Royale-Union Saint Gilloise
Canada,FW,Cyle Larin,Southampton
Canada,FW,Tani Oluwaseyi,Villarreal
Bosnia-Herzegovina,GK,Nikola Vasilj,St Pauli
Bosnia-Herzegovina,GK,Martin Zlomislic,Rijeka
Bosnia-Herzegovina,GK,Osman Hadzikic,Slaven Belupo
Bosnia-Herzegovina,DF,Sead Kolasinac,Atalanta
Bosnia-Herzegovina,DF,Amar Dedic,Benfica
Bosnia-Herzegovina,DF,Nihad Mujakic,Gaziantep
Bosnia-Herzegovina,DF,Nikola Katic,Schalke 04
Bosnia-Herzegovina,DF,Tarik Muharemovic,Sassuolo
Bosnia-Herzegovina,DF,Stjepan Radeljic,Rijeka
Bosnia-Herzegovina,DF,Dennis Hadzikadunic,Sampdoria
Bosnia-Herzegovina,DF,Nidal Celik,Lens
Bosnia-Herzegovina,MF,Amir Hadziahmetovic,Hull City
Bosnia-Herzegovina,MF,Ivan Sunjic,Pafos
Bosnia-Herzegovina,MF,Ivan Basic,Astana
Bosnia-Herzegovina,MF,Dzenis Burnic,Karlsruher SC
Bosnia-Herzegovina,MF,Ermin Mahmic,Slovan Liberec
Bosnia-Herzegovina,MF,Benjamin Tahirovic,Brondby
Bosnia-Herzegovina,MF,Amar Memic,Viktoria Plzen
Bosnia-Herzegovina,MF,Armin Gigovic,Young Boys
Bosnia-Herzegovina,MF,Kerim Alajbegovic,RB Salzburg
Bosnia-Herzegovina,MF,Esmir Bajraktarevic,PSV Eindhoven
Bosnia-Herzegovina,FW,Ermedin Demirovic,VfB Stuttgart
Bosnia-Herzegovina,FW,Jovo Lukic,Universitatea Cluj
Bosnia-Herzegovina,FW,Samed Bazdar,Jagiellonia Bialystok
Bosnia-Herzegovina,FW,Haris Tabakovic,Borussia Moenchengladbach
Bosnia-Herzegovina,FW,Edin Dzeko,Schalke 04
Qatar,GK,Salah Zakaria,Al Duhail
Qatar,GK,Meshaal Barsham,Al Sadd
Qatar,GK,Mahmoud Abunada,Al Rayyan
Qatar,DF,Boualem Khoukhi,Al Sadd
Qatar,DF,Pedro Miguel,Al Sadd
Qatar,DF,Sultan Al Brake,Al Duhail
Qatar,DF,Al-Hashmi Al-Hussain,Al Arabi
Qatar,DF,Ayoub Al-Alawi,Al Gharafa
Qatar,DF,Issa Laye,Al Arabi
Qatar,DF,Lucas Mendes,Al Wakrah
Qatar,DF,Homam Al-Amin,Cultural Leonesa
Qatar,MF,Ahmed Fathi,Al Arabi
Qatar,MF,Jassim Gaber,Al Rayyan
Qatar,MF,Assim Madibo,Al Wakrah
Qatar,MF,Abdulaziz Hatem,Al Rayyan
Qatar,MF,Karim Boudiaf,Al Duhail
Qatar,MF,Mohammed Mannai,Al Shamal
Qatar,FW,Almoez Ali,Al Duhail
Qatar,FW,Akram Afif,Al Sadd
Qatar,FW,Tahsin Mohammed,Al Duhail
Qatar,FW,Edmílson Junior,Al Duhail
Qatar,FW,Ahmed Al-Ganehi,Al Gharafa
Qatar,FW,Ahmed Alaa,Al Rayyan
Qatar,FW,Hassan Al-Haydos,Al Sadd
Qatar,FW,Mohammed Muntari,Al Gharafa
Qatar,FW,Yusuf Abdurisag,Al Wakrah
Switzerland,GK,Gregor Kobel,Borussia Dortmund
Switzerland,GK,Yvon Mvogo,Lorient
Switzerland,GK,Marvin Keller,Young Boys
Switzerland,DF,Manuel Akanji,Inter Milan
Switzerland,DF,Nico Elvedi,Borussia Mönchengladbach
Switzerland,DF,Ricardo Rodriguez,Real Betis
Switzerland,DF,Silvan Widmer,Mainz
Switzerland,DF,Miro Muheim,Hamburger SV
Switzerland,DF,Aurèle Amenda,Eintracht Frankfurt
Switzerland,DF,Eray Cömert,Valencia
Switzerland,DF,Luca Jaquez,Stuttgart
Switzerland,MF,Granit Xhaka,Sunderland
Switzerland,MF,Johan Manzambi,Freiburg
Switzerland,MF,Remo Freuler,Bologna
Switzerland,MF,Denis Zakaria,Monaco
Switzerland,MF,Ardon Jashari,AC Milan
Switzerland,MF,Djibril Sow,Sevilla
Switzerland,MF,Christian Fassnacht,Young Boys
Switzerland,MF,Michel Aebischer,Pisa
Switzerland,MF,Fabian Rieder,Augsburg
Switzerland,MF,Rubén Vargas,Sevilla
Switzerland,FW,Breel Embolo,Rennes
Switzerland,FW,Noah Okafor,Leeds
Switzerland,FW,Dan Ndoye,Nottingham Forest
Switzerland,FW,Zeki Amdouni,Burnley
Switzerland,FW,Cedric Itten,Fortuna Dusseldorf
Brazil,GK,Alisson,Liverpool
Brazil,GK,Éderson,Fenerbahce
Brazil,GK,Weverton,Grêmio
Brazil,DF,Alex Sandro,Flamengo
Brazil,DF,Bremer,Juventus
Brazil,DF,Danilo,Flamengo
Brazil,DF,Douglas Santos,Zenit St. Petersburg
Brazil,DF,Gabriel Magalhães,Arsenal
Brazil,DF,Léo Pereira,Flamengo
Brazil,DF,Marquinhos,Paris Saint-Germain
Brazil,DF,Roger Ibañez,Al Ahli
Brazil,DF,Wesley,AS Roma
Brazil,MF,Bruno Guimarães,Newcastle United
Brazil,MF,Casemiro,Manchester United
Brazil,MF,Danilo Santos,Botafogo
Brazil,MF,Fabinho,Al Ittihad
Brazil,MF,Lucas Paquetá,Flamengo
Brazil,FW,Endrick,Lyon
Brazil,FW,Gabriel Martinelli,Arsenal
Brazil,FW,Igor Thiago,Brentford
Brazil,FW,Luiz Henrique,Zenit St. Petersburg
Brazil,FW,Matheus Cunha,Manchester United
Brazil,FW,Neymar,Santos
Brazil,FW,Raphinha,Barcelona
Brazil,FW,Rayan,Bournemouth
Brazil,FW,Vinícius Júnior,Real Madrid
Morocco,GK,Yassine Bounou,Al Hilal
Morocco,GK,Munir El Kajoui,RS Berkane
Morocco,GK,Reda Tagnaouti,AS Far
Morocco,DF,Noussair Mazraoui,Manchester United
Morocco,DF,Anass Salah-Eddine,PSV Eindhoven
Morocco,DF,Youssef Belammari,Al Ahly
Morocco,DF,Achraf Hakimi,Paris Saint-Germain
Morocco,DF,Zakaria El Ouahdi,Racing Genk
Morocco,DF,Chadi Riad,Crystal Palace
Morocco,DF,Nayef Aguerd,Marseille
Morocco,DF,Redouane Halhal,KV Mechelen
Morocco,DF,Issa Diop,Fulham
Morocco,MF,Samir El Mourabet,Strasbourg
Morocco,MF,Ayyoub Bouaddi,Lille
Morocco,MF,Neil El Aynaoui,AS Roma
Morocco,MF,Sofyan Amrabat,Real Betis
Morocco,MF,Azzedine Ounahi,Girona
Morocco,MF,Bilal El Khannouss,Stuttgart
Morocco,MF,Ismael Saibari,PSV Eindhoven
Morocco,FW,Abde Ezzalzouli,Real Betis
Morocco,FW,Chemsdine Talbi,Sunderland
Morocco,FW,Soufiane Rahimi,Al Ain
Morocco,FW,Ayoub El Kaabi,Olympiacos
Morocco,FW,Brahim Díaz,Real Madrid
Morocco,FW,Gessime Yassine,Strasbourg
Morocco,FW,Ayoube Amaimouni,Eintracht Frankfurt
Haiti,GK,Johny Placide,Bastia
Haiti,GK,Alexandre Pierre,Sochaux
Haiti,GK,Josue Duverger,Cosmos Koblenz
Haiti,DF,Carlens Arcus,Angers
Haiti,DF,Wilguens Paugain,Zulte Waregem
Haiti,DF,Duke Lacroix,Colorado Springs Switchbacks
Haiti,DF,Martin Expérience,Nancy
Haiti,DF,Jean-Kévin Duverne,Gent
Haiti,DF,Ricardo Adé,LDU Quito
Haiti,DF,Hannes Delcroix,Lugano
Haiti,DF,Keeto Thermoncy,Young Boys
Haiti,MF,Carl Fred Sainté,El Paso Locomotive
Haiti,MF,Leverton Pierre,Vizela
Haiti,MF,Danley Jean Jacques,Philadelphia Union
Haiti,MF,Jean-Ricner Bellegarde,Wolverhampton Wanderers
Haiti,MF,Woodensky Pierre,Violette
Haiti,MF,Dominique Simon,FC Tatran Prešov
Haiti,FW,Don Deedson Louicius,FC Dallas
Haiti,FW,Josué Casimir,Auxerre
Haiti,FW,Derrick Etienne,Toronto FC
Haiti,FW,Ruben Providence,Almere
Haiti,FW,Duckens Nazon,Esteghlal
Haiti,FW,Frantzdy Pierrot,Çaykur Rizespor
Haiti,FW,Wilson Isidor,Sunderland
Haiti,FW,Yassin Fortuné,Vizela
Haiti,FW,Lenny Joseph,Ferencváros
Scotland,GK,Craig Gordon,Hearts
Scotland,GK,Angus Gunn,Nottingham Forest
Scotland,GK,Liam Kelly,Rangers
Scotland,DF,Grant Hanley,Hibernian
Scotland,DF,Jack Hendry,Al Etiffaq
Scotland,DF,Aaron Hickey,Brentford
Scotland,DF,Dom Hyam,Wrexham
Scotland,DF,Scott McKenna,Dinamo Zagreb
Scotland,DF,Nathan Patterson,Everton
Scotland,DF,Anthony Ralston,Celtic
Scotland,DF,Andy Robertson,Liverpool
Scotland,DF,John Souttar,Rangers
Scotland,DF,Kieran Tierney,Celtic
Scotland,MF,Ryan Christie,Bournemouth
Scotland,MF,Finlay Curtis,Kilmarnock
Scotland,MF,Lewis Ferguson,Bologna
Scotland,MF,Ben Gannon-Doak,Bournemouth
Scotland,MF,Billy Gilmour,Napoli
Scotland,MF,John McGinn,Aston Villa
Scotland,MF,Kenny McLean,Norwich
Scotland,MF,Scott McTominay,Napoli
Scotland,FW,Ché Adams,Torino
Scotland,FW,Lyndon Dykes,Charlton Athletic
Scotland,FW,George Hirst,Ipswich
Scotland,FW,Lawrence Shankland,Hearts
Scotland,FW,Ross Stewart,Southampton
United States,GK,Chris Brady,Chicago Fire
United States,GK,Matt Freese,New York City FC
United States,GK,Matt Turner,New England Revolution
United States,DF,Max Arfsten,Columbus Crew
United States,DF,Sergiño Dest,PSV Eindhoven
United States,DF,Alex Freeman,Villarreal
United States,DF,Mark McKenzie,Toulouse
United States,DF,Tim Ream,Charlotte FC
United States,DF,Chris Richards,Crystal Palace
United States,DF,Antonee Robinson,Fulham
United States,DF,Miles Robinson,FC Cincinnati
United States,DF,Joe Scally,Borussia Mönchengladbach
United States,DF,Auston Trusty,Celtic
United States,MF,Tyler Adams,AFC Bournemouth
United States,MF,Sebastian Berhalter,Vancouver Whitecaps
United States,MF,Weston McKennie,Juventus
United States,MF,Cristian Roldan,Seattle Sounders
United States,MF,Brenden Aaronson,Leeds United
United States,MF,Malik Tillman,Bayer Leverkusen
United States,MF,Tim Weah,Marseille
United States,MF,Alejandro Zendejas,Club América
United States,FW,Christian Pulisic,AC Milan
United States,FW,Gio Reyna,Borussia Mönchengladbach
United States,FW,Folarin Balogun,AS Monaco
United States,FW,Ricardo Pepi,PSV Eindhoven
United States,FW,Haji Wright,Coventry City
Australia,GK,Mathew Ryan,Levante
Australia,GK,Paul Izzo,Randers FC
Australia,GK,Patrick Beach,Melbourne City
Australia,DF,Jordan Bos,Feyenoord Rotterdam
Australia,DF,Aziz Behich,Melbourne City
Australia,DF,Harry Souttar,Leicester City
Australia,DF,Alessandro Circati,Parma
Australia,DF,Lucas Herrington,Colorado Rapids
Australia,DF,Cameron Burgess,Swansea City
Australia,DF,Kai Trewin,New York City FC
Australia,DF,Milos Degenek,Apoel Nicosia
Australia,DF,Jason Geria,Albirex Niigata
Australia,DF,Jacob Italiano,Grazer AK
Australia,MF,Jackson Irvine,St. Pauli
Australia,MF,Aiden O'Neill,New York City FC
Australia,MF,Paul Okon Jr,Sydney FC
Australia,MF,Cameron Devlin,Heart of Midlothian
Australia,FW,Connor Metcalfe,St. Pauli
Australia,FW,Mathew Leckie,Melbourne City
Australia,FW,Nishan Velupillay,Melbourne Victory
Australia,FW,Cristian Volpato,Sassuolo
Australia,FW,Nestory Irankunda,Watford
Australia,FW,Awer Mabil,Castellón
Australia,FW,Ajdin Hrustic,Heracles Almelo
Australia,FW,Mohamed Toure,Norwich City
Australia,FW,Tete Yengi,Machida Zelvia
Paraguay,GK,Roberto Fernández,Cerro Porteño
Paraguay,GK,Orlando Gill,San Lorenzo
Paraguay,GK,Gastón Olveira,Olimpia
Paraguay,DF,Gustavo Gómez,Palmeiras
Paraguay,DF,Júnior Alonso,Atletico Mineiro
Paraguay,DF,Fabián Balbuena,Gremio
Paraguay,DF,Omar Alderete,Sunderland
Paraguay,DF,Juan Caceres,Dynamo Moscow
Paraguay,DF,Jose Canale,Lanus
Paraguay,DF,Alexandro Maidana,Talleres
Paraguay,DF,Gustavo Velázquez,Cerro Porteño
Paraguay,MF,Miguel Almirón,Atlanta United
Paraguay,MF,Kaku,Al Ain
Paraguay,MF,Andrés Cubas,Vancouver Whitecaps
Paraguay,MF,Ramón Sosa,Palmeiras
Paraguay,MF,Diego Gómez,Brighton & Hove Albion
Paraguay,MF,Damián Bobadilla,São Paulo
Paraguay,MF,Braian Ojeda,Orlando City
Paraguay,MF,Matías Galarza,Atlanta United
Paraguay,MF,Maurício,Palmeiras
Paraguay,FW,Antonio Sanabria,Cremonese
Paraguay,FW,Julio Enciso,Strasbourg
Paraguay,FW,Gabriel Ávalos,Independiente
Paraguay,FW,Alex Arce,Independiente Rivadavia
Paraguay,FW,Isidro Pitta,Red Bull Bragantino
Paraguay,FW,Gustavo Caballero,Portsmouth
Türkiye,GK,Ugurcan Cakir,Galatasaray
Türkiye,GK,Mert Gunok,Fenerbahce
Türkiye,GK,Altay Bayindir,Man United
Türkiye,DF,Merih Demiral,Al-Ahli
Türkiye,DF,Zeki Celik,AS Roma
Türkiye,DF,Caglar Soyuncu,Fenerbahce
Türkiye,DF,Mert Muldur,Fenerbahce
Türkiye,DF,Ferdi Kadioglu,Brighton & Hove Albion
Türkiye,DF,Ozan Kabak,TSG Hoffenheim
Türkiye,DF,Abdulkerim Bardakci,Galatasaray
Türkiye,DF,Eren Elmali,Galatasaray
Türkiye,DF,Samet Akaydin,Caykur Rizesport
Türkiye,MF,Hakan Calhanoglou,Inter Milan
Türkiye,MF,Kaan Ayhan,Galatasaray
Türkiye,MF,Orkun Kokcu,Besiktas
Türkiye,MF,Ismail Yuksek,Fenerbahce
Türkiye,MF,Salih Ozcan,Borussia Dortmund
Türkiye,FW,Kerem Akturkoglu,Fenerbahce
Türkiye,FW,Irfan Can Kahveci,Kasimpasa
Türkiye,FW,Baris Apler Yilmaz,Galatasaray
Türkiye,FW,Arda Guler,Real Madrid
Türkiye,FW,Kenan Yildiz,Juventus
Türkiye,FW,Yunus Akgun,Galatasaray
Türkiye,FW,Oguz Aydin,Fenerbahce
Türkiye,FW,Deniz Gul,Porto
Türkiye,FW,Can Uzun,Eintracht Frankfurt
Germany,GK,Oliver Baumann,Hoffenheim
Germany,GK,Manuel Neuer,Bayern Munich
Germany,GK,Alexander Nübel,Stuttgart
Germany,DF,Waldemar Anton,Borussia Dortmund
Germany,DF,Nathaniel Brown,Eintracht Frankfurt
Germany,DF,David Raum,RB Leipzig
Germany,DF,Antonio Rüdiger,Real Madrid
Germany,DF,Nico Schlotterbeck,Borussia Dortmund
Germany,DF,Jonathan Tah,Bayern Munich
Germany,DF,Malick Thiaw,Newcastle
Germany,MF,Pascal Gross,Brighton
Germany,MF,Joshua Kimmich,Bayern Munich
Germany,MF,Felix Nmecha,Borussia Dortmund
Germany,MF,Aleksandar Pavlovic,Bayern Munich
Germany,MF,Angelo Stiller,Stuttgart
Germany,MF,Leon Goretzka,Bayern Munich
Germany,MF,Florian Wirtz,Liverpool
Germany,MF,Jamie Leweling,Stuttgart
Germany,FW,Maximilian Beier,Borussia Dortmund
Germany,FW,Kai Havertz,Arsenal
Germany,FW,Lennart Karl,Bayern Munich
Germany,FW,Jamal Musiala,Bayern Munich
Germany,FW,Leroy Sané,Galatasaray
Germany,FW,Deniz Undav,Stuttgart
Germany,FW,Nick Woltemade,Newcastle
Curacao,GK,Eloy Room,Miami FC
Curacao,GK,Tyrick Bodak,Telstar
Curacao,GK,Trevor Doornbusch,VVV Venlo
Curacao,DF,Riechedly Bazoer,Konyaspor
Curacao,DF,Joshua Brenet,Kayserispor
Curacao,DF,Roshon van Eijma,RKC Waalwijk
Curacao,DF,Sherel Floranus,PEC Zwolle
Curacao,DF,Deveron Fonville,NEC Nijmegen
Curacao,DF,Jurien Gaari,Abha
Curacao,DF,Armando Obispo,PSV Eindhoven
Curacao,DF,Shurandy Sambo,Sparta Rotterdam
Curacao,MF,Juninho Bacuna,Volendam
Curacao,MF,Leandro Bacuna,Igdir
Curacao,MF,Livano Comenencia,Zurich
Curacao,MF,Kevin Felida,Den Bosch
Curacao,MF,Ar'jany Martha,Rotherham United
Curacao,MF,Tyrese Noslin,Telstar
Curacao,MF,Godfried Roemeratoe,RKC Waalwijk
Curacao,FW,Jeremy Antonisse,Kifisia
Curacao,FW,Tahith Chong,Sheffield United
Curacao,FW,Kenji Gorre,Maccabi Haifa
Curacao,FW,Sontje Hansen,Middlesbrough
Curacao,FW,Gervane Kastaneer,Terengganu
Curacao,FW,Brandley Kuwas,Volendam
Curacao,FW,Jurgen Locadia,Miami FC
Curacao,FW,Jearl Margaritha,Beveren
Ivory Coast,GK,Yahia Fofana,Rizespor
Ivory Coast,GK,Mohamed Koné,Charleroi
Ivory Coast,GK,Alban Lafont,Panathinaikos
Ivory Coast,DF,Emmanuel Agbadou,Beşiktaş
Ivory Coast,DF,Clément Akpa,AJ Auxerre
Ivory Coast,DF,Ousmane Diomande,Sporting CP
Ivory Coast,DF,Guela Doué,Strasbourg
Ivory Coast,DF,Ghislain Konan,Gil Vicente
Ivory Coast,DF,Odilon Kossounou,Atalanta
Ivory Coast,DF,Evan Ndicka,AS Roma
Ivory Coast,DF,Wilfried Singo,Galatasaray
Ivory Coast,MF,Seko Fofana,Porto
Ivory Coast,MF,Parfait Guiagon,Charleroi
Ivory Coast,MF,Franck Kessié,Al Ahli
Ivory Coast,MF,Christ Inao Oulaï,Trabzonspor
Ivory Coast,MF,Ibrahim Sangaré,Nottingham Forest
Ivory Coast,MF,Jean Michaël Seri,NK Maribor
Ivory Coast,FW,Simon Adingra,AS Monaco
Ivory Coast,FW,Ange-Yoan Bonny,Internazionale
Ivory Coast,FW,Amad Diallo,Manchester United
Ivory Coast,FW,Oumar Diakité,Cercle Brugge
Ivory Coast,FW,Yan Diomande,RB Leipzig
Ivory Coast,FW,Evann Guessand,Aston Villa
Ivory Coast,FW,Nicolas Pépé,Villarreal
Ivory Coast,FW,Bazoumana Touré,Hoffenheim
Ivory Coast,FW,Elye Wahi,Nice
Ecuador,GK,Hernán Galíndez,Huracan
Ecuador,GK,Moisés Ramírez,AE Kifisias
Ecuador,GK,Gonzalo Valle,LDU Quito
Ecuador,DF,Willian Pacho,Paris Saint-Germain
Ecuador,DF,Piero Hincapié,Arsenal
Ecuador,DF,Joel Ordóñez,Club Brugge
Ecuador,DF,Félix Torres,Internacional
Ecuador,DF,Pervis Estupiñán,AC Milan
Ecuador,DF,Yaimar Medina,Racing Genk
Ecuador,DF,Ángelo Preciado,Atlético Mineiro
Ecuador,DF,Jackson Porozo,Club Tijuana
Ecuador,MF,Alan Minda,Atlético Mineiro
Ecuador,MF,Moisés Caicedo,Chelsea
Ecuador,MF,Jordy Alcivar,Independiente del Valle
Ecuador,MF,Denil Castillo,FC Midtjylland
Ecuador,MF,John Yeboah,Venezia
Ecuador,MF,Alan Franco,Atlético Mineiro
Ecuador,MF,Pedro Vite,Pumas UNAM
Ecuador,MF,Kendry Páez,River Plate
Ecuador,MF,Nilson Angulo,Sunderland
Ecuador,MF,Gonzalo Plata,Flamengo
Ecuador,FW,Kevin Rodríguez,Union St.-Gilloise
Ecuador,FW,Anthony Valencia,Antwerp
Ecuador,FW,Enner Valencia,Pachuca
Ecuador,FW,Jordy Caicedo,Huracán
Ecuador,FW,Jeremy Arévalo,VfB Stuttgart
Netherlands,GK,Mark Flekken,Bayer Leverkusen
Netherlands,GK,Robin Roefs,Sunderland
Netherlands,GK,Bart Verbruggen,Brighton
Netherlands,DF,Nathan Aké,Manchester City
Netherlands,DF,Denzel Dumfries,Inter Milan
Netherlands,DF,Jorrel Hato,Chelsea
Netherlands,DF,Jurriën Timber,Arsenal
Netherlands,DF,Jan Paul van Hecke,Brighton
Netherlands,DF,Micky van de Ven,Tottenham
Netherlands,DF,Virgil van Dijk,Liverpool
Netherlands,MF,Frenkie de Jong,Barcelona
Netherlands,MF,Marten de Roon,Atalanta
Netherlands,MF,Ryan Gravenberch,Liverpool
Netherlands,MF,Teun Koopmeiners,Juventus
Netherlands,MF,Tijjani Reijnders,Manchester City
Netherlands,MF,Guus Til,PSV
Netherlands,MF,Quinten Timber,Marseille
Netherlands,MF,Mats Wieffer,Brighton
Netherlands,FW,Brian Brobbey,Sunderland
Netherlands,FW,Memphis Depay,Corinthians
Netherlands,FW,Cody Gakpo,Liverpool
Netherlands,FW,Justin Kluivert,Bournemouth
Netherlands,FW,Noa Lang,Galatasaray
Netherlands,FW,Donyell Malen,Roma
Netherlands,FW,Crysencio Summerville,West Ham
Netherlands,FW,Wout Weghorst,Ajax
Japan,GK,Zion Suzuki,Parma
Japan,GK,Keisuke Osako,Sanfrecce Hiroshima
Japan,GK,Tomoki Hayakawa,Kashima Antlers
Japan,DF,Yūto Nagatomo,FC Tokyo
Japan,DF,Shogo Taniguchi,Sint-Truiden
Japan,DF,Ko Itakura,Ajax
Japan,DF,Tsuyoshi Watanabe,Feyenoord
Japan,DF,Takehiro Tomiyasu,Ajax
Japan,DF,Hiroki Ito,Bayern Munich
Japan,DF,Ayumu Seko,Le Havre
Japan,DF,Yukinari Sugawara,Werder Bremen
Japan,MF,Junnosuke Suzuki,Copenhagen
Japan,MF,Wataru Endo,Liverpool
Japan,MF,Junya Ito,Genk
Japan,MF,Daichi Kamada,Crystal Palace
Japan,MF,Ritsu Doan,Eintracht Frankfurt
Japan,MF,Ao Tanaka,Leeds United
Japan,MF,Keito Nakamura,Reims
Japan,MF,Kaishu Sano,Mainz
Japan,MF,Takefusa Kubo,Real Sociedad
Japan,MF,Yuito Suzuki,Freiburg
Japan,FW,Koki Ogawa,NEC Nijmegen
Japan,FW,Daizen Maeda,Celtic
Japan,FW,Ayase Ueda,Feyenoord
Japan,FW,Kento Shiogai,VfL Wolfsburg
Japan,FW,Keisuke Goto,Sint-Truiden
Sweden,GK,Viktor Johansson,Stoke City
Sweden,GK,Kristoffer Nordfeldt,AIK
Sweden,GK,Jacob Widell Zetterstrom,Derby County
Sweden,DF,Hjalmar Ekdal,Burnley
Sweden,DF,Gabriel Gudmundsson,Leeds United
Sweden,DF,Isak Hien,Atalanta
Sweden,DF,Emil Holm,Juventus
Sweden,DF,Gustaf Lagerbielke,Braga
Sweden,DF,Victor Lindelöf,Aston Villa
Sweden,DF,Erik Smith,St. Pauli
Sweden,DF,Carl Starfelt,Celta Vigo
Sweden,DF,Elliot Stroud,Mjallby
Sweden,DF,Daniel Svensson,Borussia Dortmund
Sweden,MF,Taha Ali,Malmo
Sweden,MF,Yasin Ayari,Brighton
Sweden,MF,Lucas Bergvall,Tottenham
Sweden,MF,Jesper Karlström,Udinese
Sweden,MF,Ken Sema,Pafos
Sweden,MF,Mattias Svanberg,Wolfsburg
Sweden,MF,Besfort Zeneli,Union St-Gilloise
Sweden,FW,Alexander Bernhardsson,Holstein Kiel
Sweden,FW,Anthony Elanga,Newcastle United
Sweden,FW,Viktor Gyökeres,Arsenal
Sweden,FW,Alexander Isak,Liverpool
Sweden,FW,Gustaf Nilsson,Club Brugge
Sweden,FW,Benjamin Nygren,Celtic
Tunisia,GK,Aymen Dahmen,CS Sfaxien
Tunisia,GK,Sabri Ben Hessen,Étoile du Sahel
Tunisia,GK,Abdelmouhib Chamakh,Club Africain
Tunisia,DF,Montassar Talbi,Lorient
Tunisia,DF,Dylan Bronn,Servette
Tunisia,DF,Omar Rekik,Maribor
Tunisia,DF,Yan Valery,Young Boys
Tunisia,DF,Ali Abdi,Nice
Tunisia,DF,Moutaz Neffati,IFK Norrköping
Tunisia,DF,Raed Chikhaoui,US Monastir
Tunisia,DF,Adam Arous,Kasımpaşa
Tunisia,DF,Mohamed Amine Ben Hamida,Espérance de Tunis
Tunisia,MF,Ellyes Skhiri,Eintracht Frankfurt
Tunisia,MF,Hannibal Mejbri,Burnley
Tunisia,MF,Anis Ben Slimane,Norwich City
Tunisia,MF,Hadj Mahmoud,Lugano
Tunisia,MF,Rani Khedira,Union Berlin
Tunisia,MF,Mortadha Ben Ouanes,Kasımpaşa
Tunisia,FW,Elias Achouri,Copenhagen
Tunisia,FW,Ismaël Gharbi,Augsburg
Tunisia,FW,Elias Saad,Hannover 96
Tunisia,FW,Sebastian Tounekti,Celtic
Tunisia,FW,Firas Chaouat,Club Africain
Tunisia,FW,Khalil Ayari,Paris Saint-Germain
Tunisia,FW,Hazem Mastouri,Dynamo Makhachkala
Tunisia,FW,Rayan Elloumi,Vancouver Whitecaps
Belgium,GK,Thibaut Courtois,Real Madrid
Belgium,GK,Senne Lammens,Manchester United
Belgium,GK,Mike Penders,Chelsea
Belgium,DF,Timothy Castagne,Fulham
Belgium,DF,Zeno Debast,Sporting CP
Belgium,DF,Maxim De Cuyper,Brighton & Hove Albion
Belgium,DF,Koni De Winter,AC Milan
Belgium,DF,Brandon Mechele,Club Brugge
Belgium,DF,Thomas Meunier,Lille
Belgium,DF,Nathan Ngoy,Lille
Belgium,DF,Joaquin Seys,Club Brugge
Belgium,DF,Arthur Theate,Eintracht Frankfurt
Belgium,MF,Kevin De Bruyne,Napoli
Belgium,MF,Amadou Onana,Aston Villa
Belgium,MF,Nicolas Raskin,Rangers
Belgium,MF,Youri Tielemans,Aston Villa
Belgium,MF,Hans Vanaken,Club Brugge
Belgium,MF,Axel Witsel,Girona
Belgium,FW,Charles De Ketelaere,Atalanta
Belgium,FW,Jérémy Doku,Manchester City
Belgium,FW,Matias Fernandez-Pardo,Lille
Belgium,FW,Romelu Lukaku,Napoli
Belgium,FW,Dodi Lukebakio,Benfica
Belgium,FW,Diego Moreira,Strasbourg
Belgium,FW,Alexis Saelemaekers,AC Milan
Belgium,FW,Leandro Trossard,Arsenal
Egypt,GK,Mohamed El Shenawy,Al Ahly
Egypt,GK,Mostafa Shobeir,Al Ahly
Egypt,GK,El Mahdy Soliman,Zamalek
Egypt,GK,Mohamed Alaa,El Gouna
Egypt,DF,Mohamed Hany,Al Ahly
Egypt,DF,Tarek Alaa,Zamalek
Egypt,DF,Hamdy Fathy,Al Wakrah
Egypt,DF,Ramy Rabia,Al Ain
Egypt,DF,Yasser Ibrahim,Al Ahly
Egypt,DF,Hossam Abdelmaguid,Zamalek
Egypt,DF,Mohamed Abdelmonem,Nice
Egypt,DF,Ahmed Fatouh,Zamalek
Egypt,DF,Karim Hafez,Pyramids
Egypt,MF,Marwan Attia,Al Ahly
Egypt,MF,Mohanad Lasheen,Pyramids
Egypt,MF,Nabil Emad,Al Najma
Egypt,MF,Mahmoud Saber,Zed
Egypt,MF,Ahmed Zizo,Al Ahly
Egypt,MF,Emam Ashour,Al Ahly
Egypt,MF,Mostafa Ziko,Pyramids
Egypt,MF,Mahmoud Trezeguet,Al Ahly
Egypt,MF,Ibrahim Adel,Nordsjaelland
Egypt,MF,Haissem Hassan,Real Oviedo
Egypt,FW,Omar Marmoush,Manchester City
Egypt,FW,Mohamed Salah,Liverpool
Egypt,FW,Hamza Abdelkarim,Barcelona B
Iran,GK,Alireza Beiranvand,Tractor
Iran,GK,Hossein Hosseini,Sepahan
Iran,GK,Payam Niazmand,Persepolis
Iran,DF,Danial Eiri,Malavan
Iran,DF,Ehsan Hajsafi,Sepahan
Iran,DF,Saleh Hardani,Esteghlal
Iran,DF,Hossein Kanaani,Persepolis
Iran,DF,Shoka Khalilzadeh,Tractor
Iran,DF,Milad Mohammadi,Persepolis
Iran,DF,Ali Nemati Omid Noorafkan,Foolad
Iran,DF,Ramin Rezaeian,Foolad
Iran,MF,Rouzbeh Cheshmi,Esteghlal
Iran,MF,Saeid Ezatolahi,Shabab Al-Ahli
Iran,MF,Mehdi Ghaedi,Al-Nasr
Iran,MF,Saman Ghoddos,Kalba
Iran,MF,Mohammad Ghorbani,Al-Wahda
Iran,MF,Alireza Jahanbakhsh,Dender
Iran,MF,Mohammad Mohebi,Rostovv
Iran,MF,Amir Mohammad Razzaghinia,Esteghlal
Iran,MF,Mehdi Torabi,Tractor
Iran,MF,Aria Yousefi,Sepahan
Iran,FW,Ali Alipour,Persepolis
Iran,FW,Dennis Dargahi,Standard Liege
Iran,FW,Amirhossein Hosseinzadeh,Tractor
Iran,FW,Amirhossein Mahmoudi,Persepolis
Iran,FW,Mehdi Taremi,Olympiacos
New Zealand,GK,Max Crocombe,Millwall
New Zealand,GK,Alex Paulsen,Lechia Gdańsk
New Zealand,GK,Michael Woud,Auckland FC
New Zealand,DF,Tim Payne,Wellington Phoenix
New Zealand,DF,Francis De Vries,Auckland FC
New Zealand,DF,Tyler Bindon,Nottingham Forest
New Zealand,DF,Michael Boxall,Minnesota United
New Zealand,DF,Liberato Cacace,Wrexham
New Zealand,DF,Nando Pijnaker,Auckland FC
New Zealand,DF,Finn Surman,Portland Timbers
New Zealand,DF,Callan Elliot,Auckland FC
New Zealand,DF,Tommy Smith,Braintree Town
New Zealand,MF,Joe Bell,Viking FK
New Zealand,MF,Matt Garbett,Peterborough United
New Zealand,MF,Marko Stamenic,Swansea City
New Zealand,MF,Sarpreet Singh,Wellington Phoenix
New Zealand,MF,Alex Rufer,Wellington Phoenix
New Zealand,MF,Ryan Thomas,PEC Zwolle
New Zealand,FW,Chris Wood,Nottingham Forest
New Zealand,FW,Eli Just,Motherwell
New Zealand,FW,Kosta Barbarouses,Western Sydney Wanderers
New Zealand,FW,Ben Waine,Port Vale
New Zealand,FW,Ben Old,Saint-Étienne
New Zealand,FW,Callum McCowatt,Silkeborg IF
New Zealand,FW,Jesse Randall,Auckland FC
New Zealand,FW,Lachlan Bayliss,Newcastle Jets
Spain,GK,Unai Simón,Athletic Club
Spain,GK,David Raya,Arsenal
Spain,GK,Joan García,Barcelona
Spain,DF,Marc Cucurella,Chelsea
Spain,DF,Pau Cubarsí,Barcelona
Spain,DF,Aymeric Laporte,Athletic Club
Spain,DF,Álex Grimaldo,Bayer Leverkusen
Spain,DF,Pedro Porro,Tottenham Hotspur
Spain,DF,Eric García,Barcelona
Spain,DF,Marcos Llorente,Atlético Madrid
Spain,DF,Marc Pubill,Atlético Madrid
Spain,MF,Gavi,Barcelona
Spain,MF,Rodri,Manchester City
Spain,MF,Pedri,Barcelona
Spain,MF,Martín Zubimendi,Arsenal
Spain,MF,Fabián Ruiz,PSG
Spain,MF,Álex Baena,Atlético Madrid
Spain,MF,Mikel Merino,Arsenal
Spain,FW,Lamine Yamal,Barcelona
Spain,FW,Nico Williams,Athletic Club
Spain,FW,Dani Olmo,Barcelona
Spain,FW,Ferran Torres,Barcelona
Spain,FW,Mikel Oyarzabal,Real Sociedad
Spain,FW,Yéremy Pino,Crystal Palace
Spain,FW,Borja Iglesias,Celta Vigo
Spain,FW,Víctor Muñoz,Osasuna
Cape Verde,GK,Vozinha,Chaves
Cape Verde,GK,Marcio Rosa,Montana
Cape Verde,GK,CJ dos Santos,San Diego FC
Cape Verde,DF,Steven Moreira,Columbus Crew
Cape Verde,DF,Wagner Pina,Trabzonspor
Cape Verde,DF,Joao Paulo,FCSB
Cape Verde,DF,Sidny Lopes Cabral,Benfica
Cape Verde,DF,Logan Costa,Villarreal
Cape Verde,DF,Pico,Shamrock Rovers
Cape Verde,DF,Kelvin Pires,SJK
Cape Verde,DF,Stopira,Torreense
Cape Verde,DF,Diney,Al Bataeh
Cape Verde,MF,Jamiro Monteiro,PEC Zwolle
Cape Verde,MF,Telmo Arcanjo,Vitoria Guimaraes
Cape Verde,MF,Yannick Semedo,Farense
Cape Verde,MF,Laros Duarte,Puskas Akademia
Cape Verde,MF,Deroy Duarte,Ludogorets Razgrad
Cape Verde,MF,Kevin Pina,Krasnodar
Cape Verde,FW,Ryan Mendes,Igdir
Cape Verde,FW,Willy Semedo,Omonia
Cape Verde,FW,Garry Rodrigues,Apollon Limassol
Cape Verde,FW,Jovane Cabral,Estrela Amadora
Cape Verde,FW,Nuno da Costa,Istanbul Basaksehir
Cape Verde,FW,Dailon Livramento,Casa Pia
Cape Verde,FW,Gilson Benchimol,Akron Tolyatti
Cape Verde,FW,Helio Varela,Maccabi Tel Aviv
Uruguay,GK,Fernando Muslera,Estudiantes de La Plata
Uruguay,GK,Sergio Rochet,Internacional de Porto Alegre
Uruguay,GK,Santiago Mele,Monterrey
Uruguay,DF,Ronald Araújo,Barcelona
Uruguay,DF,José María Giménez,Atlético Madrid
Uruguay,DF,Santiago Bueno,Wolverhampton Wanderers
Uruguay,DF,Sebastián Cáceres,América
Uruguay,DF,Mathías Olivera,Napoli
Uruguay,DF,Guillermo Varela,Flamengo
Uruguay,DF,Matías Viña,River Plate
Uruguay,DF,Joaquín Piquerez,Palmeiras
Uruguay,DF,Juan Manuel Sanabria,Real Salt Lake
Uruguay,MF,Federico Valverde,Real Madrid
Uruguay,MF,Rodrigo Bentancur,Tottenham Hotspur
Uruguay,MF,Manuel Ugarte,Manchester United
Uruguay,MF,Emiliano Martínez,Palmeiras
Uruguay,MF,Rodrigo Zalazar,Sporting CP
Uruguay,MF,Giorgian De Arrascaeta,Flamengo
Uruguay,MF,Nicolás De La Cruz,Flamengo
Uruguay,MF,Agustín Canobbio,Fluminense
Uruguay,MF,Maximiliano Araújo,Sporting CP
Uruguay,MF,Brian Rodríguez,América
Uruguay,MF,Facundo Pellistri,Panathinaikos
Uruguay,FW,Darwin Núñez,Al Hilal
Uruguay,FW,Federico Viñas,Real Oviedo
Uruguay,FW,Rodrigo Aguirre,Tigres
Saudi Arabia,GK,Mohammed Al Owais,Al Ula
Saudi Arabia,GK,Nawaf Al Aqidi,Al Nassr
Saudi Arabia,GK,Ahmed Al Kassar,Al Qadsiah
Saudi Arabia,DF,Abdulelah Al Amri,Al Nassr
Saudi Arabia,DF,Hassan Tambakti,Al Hilal
Saudi Arabia,DF,Jehad Thikri,Al Qadsiah
Saudi Arabia,DF,Ali Lajami,Al Hilal
Saudi Arabia,DF,Hassan Kadesh,Al Ittihad
Saudi Arabia,DF,Saud Abdulhamid,Lens
Saudi Arabia,DF,Mohammed Abu Al Shamat,Al Qadsiah
Saudi Arabia,DF,Ali Majrashi,Al Ahli
Saudi Arabia,DF,Moteb Al Harbi,Al Hilal
Saudi Arabia,DF,Nawaf Boushal,Al Nassr
Saudi Arabia,DF,Sultan Al-Ghannam,Al Nassr
Saudi Arabia,MF,Mohammed Kanno,Al Hilal
Saudi Arabia,MF,Abdullah Al Khaibari,Al Nassr
Saudi Arabia,MF,Ziyad Al Johani,Al Ahli
Saudi Arabia,MF,Nasser Al Dawsari,Al Hilal
Saudi Arabia,MF,Musab Al Juwayr,Al Qadsiah
Saudi Arabia,MF,Alaa Al Hajji,Neom
Saudi Arabia,MF,Salem Al Dawsari,Al Hilal
Saudi Arabia,MF,Khalid Al Ghannam,Al Ettifaq
Saudi Arabia,MF,Ayman Yahya,Al Nassr
Saudi Arabia,FW,Firas Al Buraikan,Al Ahli
Saudi Arabia,FW,Saleh Al Shehri,Al Ittihad
Saudi Arabia,FW,Abdullah Al Hamdan,Al Nassr
France,GK,Mike Maignan,AC Milan
France,GK,Robin Risser,Lens
France,GK,Brice Samba,Rennes
France,DF,Lucas Digne,Aston Villa
France,DF,Malo Gusto,Chelsea
France,DF,Lucas Hernández,Paris Saint-Germain
France,DF,Theo Hernández,Al Hilal
France,DF,Ibrahima Konaté,Liverpool
France,DF,Jules Koundé,Barcelona
France,DF,Maxence Lacroix,Crystal Palace
France,DF,William Saliba,Arsenal
France,DF,Dayot Upamecano,Bayern Munich
France,MF,N'Golo Kanté,Fenerbahçe
France,MF,Manu Koné,AS Roma
France,MF,Adrien Rabiot,AC Milan
France,MF,Aurélien Tchouaméni,Real Madrid
France,MF,Warren Zaïre-Emery,Paris Saint-Germain
France,FW,Maghnes Akliouche,AS Monaco
France,FW,Bradley Barcola,Paris Saint-Germain
France,FW,Rayan Cherki,Manchester City
France,FW,Ousmane Dembélé,Paris Saint-Germain
France,FW,Désiré Doué,Paris Saint-Germain
France,FW,Jean-Philippe Mateta,Crystal Palace
France,FW,Kylian Mbappé,Real Madrid
France,FW,Michael Olise,Bayern Munich
France,FW,Marcus Thuram,Internazionale
Senegal,DF,Krépin Diatta,AS Monaco
Senegal,DF,Antoine Mendy,Nice
Senegal,DF,Kalidou Koulibaly,Al Hilal
Senegal,DF,El Hadji Malick Diouf,West Ham United
Senegal,DF,Mamadou Sarr,Chelsea
Senegal,DF,Moussa Niakhaté,Lyon
Senegal,DF,Abdoulaye Seck,Maccabi Haifa
Senegal,DF,Ismail Jakobs,Galatasaray
Senegal,MF,Idrissa Gana Gueye,Everton
Senegal,MF,Pape Gueye,Villarreal
Senegal,MF,Lamine Camara,AS Monaco
Senegal,MF,Habib Diarra,Sunderland
Senegal,MF,Pathé Ciss,Rayo Vallecano
Senegal,MF,Pape Matar Sarr,Tottenham Hotspur
Senegal,MF,Bara Sapoko Ndiaye,Bayern Munich
Senegal,FW,Sadio Mané,Al Nassr
Senegal,FW,Ismaïla Sarr,Crystal Palace
Senegal,FW,Iliman Ndiaye,Everton
Senegal,FW,Assane Diao,Como
Senegal,FW,Ibrahim Mbaye,Paris Saint-Germain
Senegal,FW,Nicolas Jackson,Chelsea
Senegal,FW,Bamba Dieng,Lorient
Senegal,FW,Cherif Ndiaye,Samsunspor
Iraq,GK,Fahad Talib,Al-Talaba
Iraq,GK,Jalal Hassan,Al-Zawraa
Iraq,GK,Ahmed Basil,Al-Shorta
Iraq,DF,Hussein Ali,Pogoń Szczecin
Iraq,DF,Manaf Younis,Al-Shorta
Iraq,DF,Zaid Tahseen,Pakhtakor
Iraq,DF,Rebin Sulaka,Port FC
Iraq,DF,Akam Hashem,Al-Zawraa
Iraq,DF,Merchas Doski,Viktoria Plzeň
Iraq,DF,Ahmed Yahya,Al-Shorta
Iraq,DF,Zaid Ismail,Al-Talaba
Iraq,DF,Frans Putros,Port FC
Iraq,DF,Mustafa Saadoon,Al-Shorta
Iraq,MF,Amir Al-Ammari,Cracovia
Iraq,MF,Kevin Yakob,AGF Aarhus
Iraq,MF,Zidane Iqbal,FC Utrecht
Iraq,MF,Aimar Sher,Sarpsborg 08
Iraq,MF,Ibrahim Bayesh,Al-Riyadh
Iraq,MF,Ahmed Qasim,Elfsborg
Iraq,MF,Youssef Amyn,Eintracht Braunschweig
Iraq,MF,Marko Farji,Strømsgodset
Iraq,FW,Ali Jasim,Como
Iraq,FW,Ali Al-Hamadi,Ipswich Town
Iraq,FW,Ali Yousef,Al-Shorta
Iraq,FW,Aymen Hussein,Al-Khor
Iraq,FW,Mohanad Ali,Al-Shorta
Norway,GK,Ørjan Nyland,Sevilla
Norway,GK,Egil Selvik,Watford
Norway,GK,Sander Tangvik,Hamburg SV
Norway,DF,Julian Ryerson,Borussia Dortmund
Norway,DF,Kristoffer Ajer,Brentford
Norway,DF,Leo Østigård,Genoa
Norway,DF,David Møller Wolfe,Wolverhampton Wanderers
Norway,DF,Marcus Pedersen,Torino
Norway,DF,Torbjørn Heggem,Bologna
Norway,DF,Fredrik André Bjørkan,Bodø/Glimt
Norway,DF,Henrik Falchener,Viking
Norway,DF,Sondre Langås,Derby County
Norway,MF,Martin Ødegaard,Arsenal
Norway,MF,Sander Berge,Fulham
Norway,MF,Patrick Berg,Bodø/Glimt
Norway,MF,Kristian Thorstvedt,Sassuolo
Norway,MF,Morten Thorsby,Cremonese
Norway,MF,Thelo Aasgaard,Rangers
Norway,MF,Andreas Schjelderup,Benfica
Norway,MF,Jens Petter Hauge,Bodø/Glimt
Norway,MF,Fredrik Aursnes,Benfica
Norway,MF,Oscar Bobb,Fulham
Norway,MF,Antonio Nusa,RB Leipzig
Norway,FW,Erling Haaland,Manchester City
Norway,FW,Alexander Sørloth,Atlético Madrid
Norway,FW,Jørgen Strand Larsen,Crystal Palace
Argentina,GK,Emiliano Martínez,Aston Villa
Argentina,GK,Gerónimo Rulli,Marseille
Argentina,GK,Juan Musso,Atlético Madrid
Argentina,DF,Gonzalo Montiel,River Plate
Argentina,DF,Nahuel Molina,Atlético Madrid
Argentina,DF,Lisandro Martínez,Manchester United
Argentina,DF,Nicolás Otamendi,Benfica
Argentina,DF,Leonardo Balerdi,Marseille
Argentina,DF,Cristian Romero,Tottenham
Argentina,DF,Facundo Medina,Marseille
Argentina,DF,Nicolás Tagliafico,Lyon
Argentina,MF,Leandro Paredes,Boca Juniors
Argentina,MF,Rodrigo De Paul,Inter Miami
Argentina,MF,Exequiel Palacios,Bayer Leverkusen
Argentina,MF,Enzo Fernández,Chelsea
Argentina,MF,Alexis Mac Allister,Liverpool
Argentina,MF,Giovani Lo Celso,Real Betis
Argentina,MF,Valentín Barco,Strasbourg
Argentina,FW,Lionel Messi,Inter Miami
Argentina,FW,Nico Paz,Como
Argentina,FW,Thiago Almada,Atlético Madrid
Argentina,FW,Nicolás González,Atlético Madrid
Argentina,FW,Giuliano Simeone,Atlético Madrid
Argentina,FW,Lautaro Martínez,Internazionale
Argentina,FW,Jose Manuel López,Palmeiras
Argentina,FW,Julián Álvarez,Atlético Madrid
Algeria,GK,Oussama Benbot,USM Alger
Algeria,GK,Melvin Masstil,Stade Nyonnaise
Algeria,GK,Luca Zidane,Granada
Algeria,DF,Achraf Abada,USM Alger
Algeria,DF,Rayan Ait Nouri,Manchester City
Algeria,DF,Zinedine Belaid,JS Kabylie
Algeria,DF,Rafik Belghali,Verona
Algeria,DF,Ramy Bensebaini,Borussia Dortmund
Algeria,DF,Samir Chergui,Paris FC
Algeria,DF,Jaouen Hadjam,Young Boys
Algeria,DF,Aissa Mandi,Lille
Algeria,DF,Mohamed Amine Tougai,Esperance
Algeria,MF,Houssem Aouar,Al Ittihad
Algeria,MF,Nabil Bentaleb,Lille
Algeria,MF,Hicham Boudaoui,Nice
Algeria,MF,Fares Chaibi,Eintracht Frankfurt
Algeria,MF,Ibrahim Maza,Bayer Leverkusen
Algeria,MF,Yassine Titraoui,Charleroi
Algeria,MF,Ramiz Zerrouki,FC Twente
Algeria,FW,Mohamed Amine Amoura,VfL Wolfsburg
Algeria,FW,Nadir Benbouali,Győri ETO
Algeria,FW,Adil Boulbina,Al Duhail
Algeria,FW,Fares Ghedjemis,Frosinone
Algeria,FW,Amine Gouiri,Marseille
Algeria,FW,Riyad Mahrez,Al Ahli
Algeria,FW,Anis Hadj Moussa,Feyenoord
Austria,GK,Alexander Schlager,RB Salzburg
Austria,GK,Florian Wiegele,Viktoria Plzen
Austria,GK,Patrick Pentz,Brondby
Austria,DF,David Affengruber,Elche
Austria,DF,Kevin Danso,Tottenham
Austria,DF,Stefan Posch,Mainz 05
Austria,DF,David Alaba,Real Madrid
Austria,DF,Philipp Lienhart,SC Freiburg
Austria,DF,Philipp Mwene,Mainz 05
Austria,DF,Alexander Prass,TSG Hoffenheim
Austria,DF,Marco Friedl,Werder Bremen
Austria,DF,Michael Svoboda,Venezia
Austria,MF,Xaver Schlager,RB Leipzig
Austria,MF,Nicolas Seiwald,RB Leipzig
Austria,MF,Marcel Sabitzer,Borussia Dortmund
Austria,MF,Florian Grillitsch,Braga
Austria,MF,Carney Chukwuemeka,Borussia Dortmund
Austria,MF,Romano Schmid,Werder Bremen
Austria,MF,Christoph Baumgartner,RB Leipzig
Austria,MF,Konrad Laimer,Bayern Munich
Austria,MF,Patrick Wimmer,Wolfsburg
Austria,MF,Paul Wanner,PSV Eindhoven
Austria,MF,Alessandro Schopf,Wolfsberger AC
Austria,FW,Marko Arnautovic,Red Star Belgrade
Austria,FW,Michael Gregoritsch,FC Augsburg
Austria,FW,Sasa Kalajdzic,LASK Linz
Jordan,GK,Yazid Abulaila,Al-Hussein
Jordan,GK,Abdallah Al-Fakhouri,Al-Wehdat
Jordan,GK,Nour Bani Attiah,Al-Faisaly
Jordan,DF,Ihsan Haddad,Al-Hussein
Jordan,DF,Saed Al-Rosan,Al-Hussein
Jordan,DF,Mohammad Abualnadi,Selangor
Jordan,DF,Husam Abu Dahab,Al-Faisaly
Jordan,DF,Mohammed Abu Hashish,Al-Karma
Jordan,DF,Yazan Al-Arab,FC Seoul
Jordan,DF,Anas Badawi,Al-Faisaly
Jordan,DF,Abdallah Nasib,Al-Zawraa
Jordan,DF,Saleem Obaid,Al-Hussein
Jordan,MF,Mohammed Al-Dawoud,Al-Wehdat
Jordan,MF,Nizar Al-Rashdan,Qatar SC
Jordan,MF,Noor Al-Rawabdeh,Selangor
Jordan,MF,Rajaei Ayed,Al-Hussein
Jordan,MF,Amer Jamous,Al-Zawraa
Jordan,MF,Ibrahim Sadeh,Al-Karma
Jordan,MF,Mohannad Abu Taha,Al-Quwa Al-Jawiya
Jordan,FW,Mohammed Abu Zrayq,Raja Casablanca
Jordan,FW,Mousa Al-Tamari,Rennes
Jordan,FW,Ali Azaizeh,Al-Shabab
Jordan,FW,Odeh Al-Fakhouri,Pyramids
Jordan,FW,Ali Olwan,Al-Sailiaya
Jordan,FW,Ibrahim Sabra,Lokomotiva Zagreb
Jordan,FW,Mahmoud Al-Mardi,Al-Hussein
Portugal,GK,Diogo Costa,Porto
Portugal,GK,José Sá,Wolverhampton Wanderers
Portugal,GK,Rui Silva,Sporting Lisbon
Portugal,GK,Ricardo Velho,Gençlerbirliği
Portugal,DF,Rúben Dias,Manchester City
Portugal,DF,João Cancelo,Barcelona
Portugal,DF,Diogo Dalot,Manchester United
Portugal,DF,Nuno Mendes,Paris Saint-Germain
Portugal,DF,Nélson Semedo,Fenerbahce
Portugal,DF,Matheus Nunes,Manchester City
Portugal,DF,Gonçalo Inacio,Sporting Lisbon
Portugal,DF,Renato Veiga,Villarreal
Portugal,DF,Tomás Araújo,Benfica
Portugal,MF,Bruno Fernandes,Manchester United
Portugal,MF,Bernardo Silva,Manchester City
Portugal,MF,Vitinha,PSG
Portugal,MF,João Neves,PSG
Portugal,MF,Rúben Neves,Al Hilal
Portugal,MF,Samú Costa,Mallorca
Portugal,FW,Cristiano Ronaldo,Al Nassr
Portugal,FW,Rafael Leão,AC Milan
Portugal,FW,João Félix,Al Nassr
Portugal,FW,Gonçalo Ramos,PSG
Portugal,FW,Pedro Neto,Chelsea
Portugal,FW,Francisco Conceição,Juventus
Portugal,FW,Gonçalo Guedes,Real Sociedad
Portugal,FW,Francisco Trincão,Sporting Lisbon
Congo DR,GK,Lionel Mpasi,Le Havre
Congo DR,GK,Timothy Fayulu,FC Noah
Congo DR,GK,Matthieu Epolo,Standard Liege
Congo DR,DF,Chancel Mbemba,Lille
Congo DR,DF,Axel Tuanzebe,Burnley
Congo DR,DF,Arthur Masuaku,Lens
Congo DR,DF,Gedeon Kalulu,Aris Limassol
Congo DR,DF,Joris Kayembe,Genk
Congo DR,DF,Aaron Wan-Bissaka,West Ham United
Congo DR,DF,Aaron Tshibola,Kilmarnock
Congo DR,DF,Steve Kapuadi,Widzew Łódź
Congo DR,DF,Dylan Batubinsika,AEL
Congo DR,MF,Noah Sadiki,Sunderland
Congo DR,MF,Charles Pickel,Espanyol
Congo DR,MF,Edo Kayembe,Watford
Congo DR,MF,Samuel Moutoussamy,Atromitos
Congo DR,MF,Ngal'ayel Mukau,Lille
Congo DR,MF,Nathanaël Mbuku,Montpellier
Congo DR,MF,Meschak Elia,Alanyaspor
Congo DR,MF,Brian Cipenga,Castellón
Congo DR,MF,Gaël Kakuta,AEL
Congo DR,MF,Théo Bongonda,Spartak Moscow
Congo DR,FW,Simon Banza,Al Jazira
Congo DR,FW,Yoane Wissa,Newcastle United
Congo DR,FW,Fiston Mayele,Pyramids FC
Congo DR,FW,Cédric Bakambu,Real Betis
Uzbekistan,GK,Utkir Yusupov,Navbahor
Uzbekistan,GK,Botirali Ergashev,AGMK
Uzbekistan,GK,Abduvokhid Nematov,Nasaf
Uzbekistan,DF,Avazbek Ulmasaliev,AGMK
Uzbekistan,DF,Jakhongir Urozov,Dinamo Samarqand
Uzbekistan,DF,Rustamjon Ashurmatov,Esteghlal
Uzbekistan,DF,Umarbek Eshmurodov,Nasaf
Uzbekistan,DF,Abdukodir Khusanov,Manchester City
Uzbekistan,DF,Abdulla Abdullaev,Dibba Al Fujairah
Uzbekistan,DF,Farrukh Sayfiev,Neftchi
Uzbekistan,DF,Khojiakbar Alijonov,Pakhtakor
Uzbekistan,DF,Sherzod Nasrullaev,Nasaf
Uzbekistan,DF,Behruz Karimov,Surkhon
Uzbekistan,MF,Sherzod Esanov,Buxoro
Uzbekistan,MF,Umarali Rakhmonaliev,Sabah
Uzbekistan,MF,Akmal Mozgovoy,Pakhtakor
Uzbekistan,MF,Otabek Shukurov,Baniyas
Uzbekistan,MF,Jamshid Iskanderov,Neftchi
Uzbekistan,MF,Azizjon Ganiev,Al Bataeh
Uzbekistan,MF,Abbosek Fayzullaev,Istanbul Basaksehir
Uzbekistan,MF,Jaloliddin Masharipov,Esteghlal
Uzbekistan,MF,Dostonbek Khamdamov,Pakhtakor
Uzbekistan,MF,Oston Urunov,Persepolis
Uzbekistan,FW,Azizbek Amonov,Buxoro
Uzbekistan,FW,Igor Sergeev,Persepolis
Uzbekistan,FW,Eldor Shomurodov,Istanbul Basaksehir
Colombia,GK,David Ospina,Atlético Nacional
Colombia,GK,Álvaro Montero,Vélez Sarsfield
Colombia,GK,Camilo Vargas,Atlas
Colombia,DF,Daniel Muñoz,Crystal Palace
Colombia,DF,Jhon Lucumí,Bologna
Colombia,DF,Santiago Arias,Independiente
Colombia,DF,Davinson Sánchez,Galatasaray
Colombia,DF,Johan Mojica,Mallorca
Colombia,DF,Yerry Mina,Cagliari
Colombia,DF,Willer Ditta,Cruz Azul
Colombia,DF,Deiver Machado,Nantes
Colombia,MF,Jorge Carrascal,Flamengo
Colombia,MF,Kevin Castaño,River Plate
Colombia,MF,Gustavo Puerta,Racing Santander
Colombia,MF,Juan Fernando Quintero,River Plate
Colombia,MF,Juan Portilla,Athletico Paranaense
Colombia,MF,Jefferson Lerma,Crystal Palace
Colombia,MF,Richard Ríos,Benfica
Colombia,MF,Jhon Arias,Palmeiras
Colombia,MF,James Rodríguez,Minnesota United
Colombia,MF,Jaminton Campaz,Rosario Central
Colombia,FW,Luis Díaz,Bayern Munich
Colombia,FW,Jhon Córdoba,Krasnodar
Colombia,FW,Luis Suárez,Sporting CP
Colombia,FW,Andrés Gómez,Vasco da Gama
Colombia,FW,Cucho Hernández,Real Betis
England,GK,Jordan Pickford,Everton
England,GK,Dean Henderson,Crystal Palace
England,GK,James Trafford,Manchester City
England,DF,Reece James,Chelsea
England,DF,Ezri Konsa,Aston Villa
England,DF,Jarell Quansah,Bayer Leverkusen
England,DF,John Stones,Manchester City
England,DF,Marc Guéhi,Manchester City
England,DF,Dan Burn,Newcastle United
England,DF,Nico O'Reilly,Manchester City
England,DF,Djed Spence,Tottenham Hotspur
England,DF,Tino Livramento,Newcastle United
England,MF,Declan Rice,Arsenal
England,MF,Elliot Anderson,Nottingham Forest
England,MF,Kobbie Mainoo,Manchester United
England,MF,Jordan Henderson,Brentford
England,MF,Morgan Rogers,Aston Villa
England,MF,Jude Bellingham,Real Madrid
England,MF,Eberechi Eze,Arsenal
England,FW,Harry Kane,Bayern Munich
England,FW,Ivan Toney,Al-Ahli
England,FW,Ollie Watkins,Aston Villa
England,FW,Bukayo Saka,Arsenal
England,FW,Marcus Rashford,Manchester United
England,FW,Anthony Gordon,Newcastle United
England,FW,Noni Madueke,Arsenal
Croatia,GK,Dominik Livakovic,Dinamo Zagreb
Croatia,GK,Dominik Kotarski,Kobenhavn
Croatia,GK,Ivor Pandur,Hull City
Croatia,DF,Josko Gvardiol,Manchester City
Croatia,DF,Duje Caleta-Car,Real Sociedad
Croatia,DF,Josip Sutalo,Ajax
Croatia,DF,Josip Stanisic,Bayern Munich
Croatia,DF,Marin Pongracic,Fiorentina
Croatia,DF,Martin Erlic,Midtjylland
Croatia,DF,Luka Vuskovic,Hamburg
Croatia,MF,Luka Modric,AC Milan
Croatia,MF,Mateo Kovacic,Manchester City
Croatia,MF,Mario Pasalic,Atalanta
Croatia,MF,Nikola Vlasic,Torino
Croatia,MF,Luka Sucic,Real Sociedad
Croatia,MF,Martin Baturina,Como
Croatia,MF,Kristijan Jakic,Augsburg
Croatia,MF,Petar Sucic,Inter Milan
Croatia,MF,Nikola Moro,Bologna
Croatia,MF,Toni Fruk,Rijeka
Croatia,FW,Ivan Perisic,PSV Eindhoven
Croatia,FW,Andrej Kramaric,Hoffenheim
Croatia,FW,Ante Budimir,Osasuna
Croatia,FW,Marco Pasalic,Orlando City
Croatia,FW,Petar Musa,FC Dallas
Croatia,FW,Igor Matanovic,Freiburg
Ghana,GK,Benjamin Asare,Accra Hearts of Oak SC
Ghana,GK,Lawrence Ati-Zigi,St Gallen
Ghana,GK,Joseph Anang,St Patrick's Athletic
Ghana,DF,Baba Abdul Rahman,PAOK Salonika
Ghana,DF,Gideon Mensah,AJ Auxerre
Ghana,DF,Marvin Senaya,AJ Auxerre
Ghana,DF,Alidu Seidu,Stade Rennais
Ghana,DF,Abdul Mumin,Rayo Vallecano
Ghana,DF,Jerome Opoku,Istanbul Basaksehir
Ghana,DF,Jonas Adjetey,VfL Wolfsburg
Ghana,DF,Kojo Oppong Peprah,Nice
Ghana,DF,Derrick Luckassen,Pafos
Ghana,MF,Elisha Owusu,AJ Auxerre
Ghana,MF,Thomas Partey,Villarreal
Ghana,MF,Kwasi Sibo,Real Oviedo
Ghana,MF,Augustine Boakye,Saint-Étienne
Ghana,MF,Caleb Yirenkyi,FC Nordsjælland
Ghana,MF,Abdul Fatawu Issahaku,Leicester City
Ghana,FW,Kamal Deen Sulemana,Atalanta
Ghana,FW,Christopher Bonsu Baah,Al Qadsiah
Ghana,FW,Ernest Nuamah,Lyon
Ghana,FW,Antoine Semenyo,Manchester City
Ghana,FW,Brandon Thomas-Asante,Coventry City
Ghana,FW,Prince Kwabena Adu,Viktoria Plzen
Ghana,FW,Iñaki Williams,Athletic Club
Ghana,FW,Jordan Ayew,Leicester City
Panama,GK,Orlando Mosquera,Al Fayha
Panama,GK,Luis Mejía,Nacional
Panama,GK,César Samudio,Marathón
Panama,DF,César Blackman,Slovan Bratislava
Panama,DF,Jorge Gutiérrez,Deportivo La Guaira
Panama,DF,Amir Murillo,Beşiktaş
Panama,DF,Fidel Escobar,Saprissa
Panama,DF,Andrés Andrade,LASK
Panama,DF,Edgardo Fariña,Pari Nizhny Novgorod
Panama,DF,José Córdoba,Norwich City
Panama,DF,Éric Davis,Plaza Amador
Panama,DF,Jiovany Ramos,Puerto Cabello
Panama,DF,Roderick Miller,Turan Tovuz
Panama,MF,Aníbal Godoy,San Diego FC
Panama,MF,Adalberto Carrasquilla,Pumas UNAM
Panama,MF,Carlos Harvey,Minnesota United
Panama,MF,Cristian Martínez,Ironi Kiryat Shmona
Panama,MF,José Luis Rodríguez,Juárez
Panama,MF,César Yanis,Cobresal
Panama,MF,Yoel Bárcenas,Mazatlán
Panama,MF,Alberto Quintero,Plaza Amador
Panama,MF,Azarias Londoño,Universidad Católica
Panama,FW,Ismael Díaz,León
Panama,FW,Cecilio Waterman,Universidad de Concepción
Panama,FW,José Fajardo,Universidad Católica
Panama,FW,Tomás Rodríguez,Saprissa
